Diagnostic	1441	CSF3R	T618I	False	True
Diagnostic	1443	CSH2	R665W	False	False
Diagnostic	1788	DNMT3A	R882H	False	True
Diagnostic	1956	EGFR	C797S	False	True
Diagnostic	1956	EGFR	L858R	False	True
Diagnostic	199713	NLRP7	K511R	True	False
Diagnostic	2064	ERBB2	I655V	True	True
Diagnostic	2064	ERBB2	L755S	False	True
Diagnostic	3020	H3F3A	G34W	False	False
Diagnostic	324	APC	D1822V	False	False
Diagnostic	3417	IDH1	R132H	False	True
Diagnostic	3417	IDH1	R312H	False	False
Diagnostic	3717	JAK2	R683S	False	True
Diagnostic	3717	JAK2	V617F	False	True
Diagnostic	3815	KIT	D816V	False	True
Diagnostic	3815	KIT	L576P	False	True
Diagnostic	387	RHOA	G17V	False	True
Diagnostic	4615	MYD88	L265P	False	True
Diagnostic	5156	PDGFRA	D842V	False	True
Diagnostic	5156	PDGFRA	L839P	False	False
Diagnostic	5290	PIK3CA	E545A	False	True
Diagnostic	5444	PON1	Q192R	True	True
Diagnostic	57126	CD177	V617F	False	False
Diagnostic	673	BRAF	T1799A	False	False
Diagnostic	673	BRAF	V600E	False	True
Diagnostic	6777	STAT5B	N642H	False	True
Diagnostic	695	BTK	C481S	False	True
Diagnostic	9429	ABCG2	G34A	False	False
Predictive	1545	CYP1B1	V432L	False	True
Predictive	1645	AKR1C1	S221N	False	False
Predictive	1788	DNMT3A	R882H	False	True
Predictive	1956	EGFR	C797S	False	True
Predictive	1956	EGFR	G13D	False	False
Predictive	1956	EGFR	G724S	False	True
Predictive	1956	EGFR	L858R	False	True
Predictive	1956	EGFR	L861Q	False	True
Predictive	1956	EGFR	S468R	False	False
Predictive	1956	EGFR	S768I	False	True
Predictive	1956	EGFR	T790M	False	True
Predictive	2073	ERCC5	D1104H	True	True
Predictive	238	ALK	F1174L	False	True
Predictive	238	ALK	G1123S	False	False
Predictive	238	ALK	G1202R	False	True
Predictive	238	ALK	G1269A	False	False
Predictive	25	ABL1	T315I	False	True
Predictive	2767	GNA11	Q209L	False	True
Predictive	3815	KIT	D816V	False	True
Predictive	3815	KIT	D820Y	False	True
Predictive	3815	KIT	L576P	False	True
Predictive	3845	KRAS	G12D	False	True
Predictive	4893	NRAS	G12D	False	True
Predictive	5156	PDGFRA	D842V	False	True
Predictive	5423	POLB	P242R	True	False
Predictive	5879	RAC1	P29S	False	True
Predictive	6098	ROS1	G2032R	False	False
Predictive	673	BRAF	L505H	False	True
Predictive	673	BRAF	V600E	False	True
Predictive	673	BRAF	Y472C	False	True
Predictive	695	BTK	C481S	False	True
Predisposing	10111	RAD50	I171V	False	False
Predisposing	1026	CDKN1A	S31R	True	True
Predisposing	10481	HOXB13	G84E	False	True
Predisposing	10849	CD3EAP	N118N	False	False
Predisposing	10891	PPARGC1A	T612M	True	True
Predisposing	11186	RASSF1	A133S	True	False
Predisposing	11186	RASSF1	A331S	False	False
Predisposing	11201	POLI	A706A	False	False
Predisposing	11201	POLI	T706A	False	False
Predisposing	11201	POLI	T706T	False	False
Predisposing	115761	ARL11	G446A	False	False
Predisposing	119391	GSTO2	N142D	True	True
Predisposing	1233	CCR4	C16A	False	False
Predisposing	125	ADH1B	H47R	False	False
Predisposing	1312	COMT	V158M	True	True
Predisposing	133522	PPARGC1B	A203P	True	False
Predisposing	1361	CPB2	T325I	False	False
Predisposing	142	PARP1	A284A	True	True
Predisposing	142	PARP1	A762A	False	False
Predisposing	142	PARP1	K933N	False	False
Predisposing	142	PARP1	V726W	False	False
Predisposing	142	PARP1	V762A	True	True
Predisposing	146956	EME1	I350T	True	True
Predisposing	1508	CTSB	L26V	True	True
Predisposing	1543	CYP1A1	I462I	False	False
Predisposing	1543	CYP1A1	I462V	True	True
Predisposing	1543	CYP1A1	T3801C	False	False
Predisposing	1543	CYP1A1	T6235C	False	False
Predisposing	1545	CYP1B1	L432V	False	False
Predisposing	1545	CYP1B1	N453S	True	True
Predisposing	1545	CYP1B1	V432L	False	True
Predisposing	1555	CYP2B6	K262R	True	True
Predisposing	1559	CYP2C9	I359L	True	True
Predisposing	1559	CYP2C9	R144C	True	False
Predisposing	1565	CYP2D6	G1934A	False	False
Predisposing	1571	CYP2E1	E540K	False	False
Predisposing	1571	CYP2E1	G1532C	False	False
Predisposing	1571	CYP2E1	I349V	False	False
Predisposing	1571	CYP2E1	P187S	False	False
Predisposing	1571	CYP2E1	T7632A	False	False
Predisposing	1577	CYP3A5	M235T	False	False
Predisposing	1586	CYP17A1	T27C	False	False
Predisposing	1586	CYP17A1	T34C	False	False
Predisposing	1728	NQO1	P187S	True	True
Predisposing	1728	NQO1	R139W	True	True
Predisposing	1786	DNMT1	I311V	True	True
Predisposing	1788	DNMT3A	R882H	False	True
Predisposing	183	AGT	L84F	False	False
Predisposing	185	AGTR1	A1166C	False	False
Predisposing	1956	EGFR	N158N	True	True
Predisposing	196	AHR	G1721A	False	False
Predisposing	196	AHR	K554R	False	False
Predisposing	2052	EPHX1	H113H	False	False
Predisposing	2052	EPHX1	H139R	True	True
Predisposing	2052	EPHX1	R139R	False	False
Predisposing	2052	EPHX1	Y113H	True	True
Predisposing	2064	ERBB2	I654V	False	False
Predisposing	2064	ERBB2	I655V	True	True
Predisposing	2064	ERBB2	V655I	False	False
Predisposing	2067	ERCC1	C8092A	False	False
Predisposing	2067	ERCC1	N118N	True	False
Predisposing	2067	ERCC1	T19007C	False	False
Predisposing	2068	ERCC2	A2251C	False	False
Predisposing	2068	ERCC2	A751C	False	False
Predisposing	2068	ERCC2	D312N	True	False
Predisposing	2068	ERCC2	G23591A	False	False
Predisposing	2068	ERCC2	G751A	False	False
Predisposing	2068	ERCC2	K751Q	True	False
Predisposing	2068	ERCC2	R156R	True	False
Predisposing	2068	ERCC2	R751Q	False	False
Predisposing	2072	ERCC4	R415Q	True	True
Predisposing	2072	ERCC4	S835S	True	True
Predisposing	2073	ERCC5	D1104H	True	True
Predisposing	2073	ERCC5	D1558H	False	False
Predisposing	2073	ERCC5	F670W	False	False
Predisposing	2073	ERCC5	H1104D	False	False
Predisposing	2074	ERCC6	R1230P	True	True
Predisposing	2099	ESR1	P325P	True	True
Predisposing	210	ALAD	G177C	False	False
Predisposing	217	ALDH2	E487K	False	False
Predisposing	217	ALDH2	E504K	True	True
Predisposing	217	ALDH2	E540K	False	False
Predisposing	2264	FGFR4	G388R	True	False
Predisposing	2346	FOLH1	D191V	False	False
Predisposing	2346	FOLH1	H475Y	True	True
Predisposing	23544	SEZ6L	M430I	True	True
Predisposing	2492	FSHR	N680S	False	False
Predisposing	2592	GALT	N314D	True	True
Predisposing	2688	GH1	T1663A	False	False
Predisposing	2690	GHR	T495P	False	False
Predisposing	27030	MLH3	L844P	False	False
Predisposing	2876	GPX1	P197L	False	False
Predisposing	2876	GPX1	P198L	False	False
Predisposing	28982	FLVCR1	G84E	False	False
Predisposing	29072	SETD2	P582S	False	False
Predisposing	2944	GSTM1	R72P	False	False
Predisposing	2950	GSTP1	A114V	True	True
Predisposing	2950	GSTP1	I105V	True	True
Predisposing	2950	GSTP1	V105I	False	False
Predisposing	2956	MSH6	G39E	True	True
Predisposing	3026	HABP2	G534E	True	False
Predisposing	3077	HFE	C282Y	True	False
Predisposing	3077	HFE	H63D	True	True
Predisposing	3087	HHEX	T2D	False	False
Predisposing	324	APC	D1822V	False	False
Predisposing	324	APC	E1317Q	False	True
Predisposing	3265	HRAS	T81C	False	False
Predisposing	328	APEX1	D148E	True	True
Predisposing	328	APEX1	I64V	False	True
Predisposing	328	APEX1	N148E	False	False
Predisposing	328	APEX1	S326C	False	False
Predisposing	355	FAS	G1377A	False	False
Predisposing	3552	IL1A	A114S	True	True
Predisposing	3605	IL17A	G197A	False	False
Predisposing	3630	INS	D302H	False	False
Predisposing	3630	INS	G972R	False	False
Predisposing	3667	IRS1	G972R	False	False
Predisposing	367	AR	G1733A	False	False
Predisposing	375611	SLC26A5	C76A	False	False
Predisposing	375611	SLC26A5	T1753V	False	False
Predisposing	3952	LEP	G2548A	False	False
Predisposing	3952	LEP	Q223R	False	False
Predisposing	3953	LEPR	K109R	True	False
Predisposing	3953	LEPR	Q223Q	False	False
Predisposing	3953	LEPR	Q223R	True	True
Predisposing	3953	LEPR	R223R	False	False
Predisposing	3981	LIG4	A3V	True	False
Predisposing	3981	LIG4	I658V	False	False
Predisposing	3981	LIG4	T9I	True	True
Predisposing	4015	LOX	G473A	False	False
Predisposing	4072	EPCAM	T115M	False	False
Predisposing	4085	MAD2L1	L84M	False	False
Predisposing	4157	MC1R	G274A	False	False
Predisposing	4157	MC1R	R151C	True	False
Predisposing	4157	MC1R	R160W	True	False
Predisposing	4193	MDM2	R72P	False	False
Predisposing	4255	MGMT	I143I	False	False
Predisposing	4255	MGMT	L84F	True	True
Predisposing	4318	MMP9	P574R	False	False
Predisposing	4318	MMP9	R668Q	True	True
Predisposing	4353	MPO	G463A	False	False
Predisposing	4436	MSH2	G322D	False	True
Predisposing	4436	MSH2	P349L	False	False
Predisposing	4438	MSH4	L844P	False	False
Predisposing	4522	MTHFD1	G1958A	False	False
Predisposing	4522	MTHFD1	R653Q	True	True
Predisposing	4524	MTHFR	A1298C	False	False
Predisposing	4524	MTHFR	A222V	True	True
Predisposing	4524	MTHFR	E429A	True	True
Predisposing	4524	MTHFR	G1793A	False	False
Predisposing	4537	ND3	G10398A	False	False
Predisposing	4552	MTRR	G66A	False	False
Predisposing	4595	MUTYH	G382D	False	False
Predisposing	4595	MUTYH	Q324H	True	False
Predisposing	4595	MUTYH	V479F	False	False
Predisposing	4595	MUTYH	Y165C	False	False
Predisposing	4595	MUTYH	Y165Y	False	False
Predisposing	4609	MYC	N11S	False	True
Predisposing	4683	NBN	E185Q	True	True
Predisposing	4683	NBN	I171V	False	False
Predisposing	4683	NBN	R215W	False	True
Predisposing	472	ATM	D1853N	True	True
Predisposing	472	ATM	F858L	False	True
Predisposing	472	ATM	P1054R	True	True
Predisposing	472	ATM	S49C	False	True
Predisposing	472	ATM	S707P	False	False
Predisposing	4846	NOS3	E298D	False	False
Predisposing	4968	OGG1	C326C	False	False
Predisposing	4968	OGG1	S326C	True	True
Predisposing	4968	OGG1	S326S	False	False
Predisposing	51151	SLC45A2	L374F	True	True
Predisposing	51752	ERAP1	R127P	True	True
Predisposing	5241	PGR	V660L	True	False
Predisposing	54106	TLR9	G2848A	False	False
Predisposing	5444	PON1	Q192R	True	True
Predisposing	545	ATR	T340C	False	False
Predisposing	54512	EXOSC4	P12A	False	False
Predisposing	5465	PPARA	P12A	False	False
Predisposing	5465	PPARA	S24F	False	False
Predisposing	5468	PPARG	P12A	True	True
Predisposing	55349	CHDH	L78R	True	True
Predisposing	55640	FLVCR2	L48M	False	False
Predisposing	55640	FLVCR2	P109S	False	False
Predisposing	55640	FLVCR2	P335L	False	False
Predisposing	56852	RAD18	R302Q	True	True
Predisposing	5698	PSMB9	V32I	True	True
Predisposing	571	BACH1	P919S	False	False
Predisposing	5728	PTEN	G129E	False	True
Predisposing	5743	PTGS2	T8473C	False	False
Predisposing	5743	PTGS2	V511A	True	False
Predisposing	5795	PTPRJ	Q276P	True	True
Predisposing	5795	PTPRJ	R326Q	True	True
Predisposing	580	BARD1	C557S	True	False
Predisposing	5887	RAD23B	A249V	True	True
Predisposing	5888	RAD51	G135C	False	False
Predisposing	5888	RAD51	H188H	False	False
Predisposing	5893	RAD52	Q221E	False	False
Predisposing	59348	ZNF350	L66P	True	True
Predisposing	595	CCND1	G870A	False	False
Predisposing	595	CCND1	P241P	True	True
Predisposing	596	BCL2	A43A	False	False
Predisposing	597	BCL2A1	T2D	False	False
Predisposing	5979	RET	S836S	True	False
Predisposing	6006	RHCE	R151C	False	False
Predisposing	6006	RHCE	R160W	False	False
Predisposing	6041	RNASEL	R462Q	True	True
Predisposing	60528	ELAC2	S217L	True	True
Predisposing	611	OPN1SW	A1762T	False	False
Predisposing	611	OPN1SW	G1764A	False	False
Predisposing	611	OPN1SW	T1753V	False	False
Predisposing	627	BDNF	V66M	True	False
Predisposing	6387	CXCL12	G801A	False	False
Predisposing	641	BLM	P868L	True	True
Predisposing	64218	SEMA4A	P682S	True	False
Predisposing	6462	SHBG	D327N	False	False
Predisposing	6462	SHBG	D356N	True	True
Predisposing	64858	DCLRE1B	H61Y	True	True
Predisposing	6573	SLC19A1	G80A	False	False
Predisposing	6648	SOD2	A16A	False	False
Predisposing	6648	SOD2	A16V	False	False
Predisposing	6648	SOD2	A9V	False	False
Predisposing	6648	SOD2	V16A	True	True
Predisposing	6649	SOD3	D191V	False	False
Predisposing	6716	SRD5A2	V89L	False	False
Predisposing	672	BRCA1	D302H	False	False
Predisposing	672	BRCA1	R1699Q	False	False
Predisposing	672	BRCA1	S36Y	False	False
Predisposing	672	BRCA1	V410I	False	False
Predisposing	673	BRAF	V600E	False	True
Predisposing	675	BRCA2	D148E	False	False
Predisposing	675	BRCA2	N372H	True	True
Predisposing	675	BRCA2	R372H	False	False
Predisposing	6755	SSTR5	P109S	True	True
Predisposing	6790	AURKA	F31I	True	True
Predisposing	6790	AURKA	V57I	False	False
Predisposing	6817	SULT1A1	R213H	True	True
Predisposing	7040	TGFB1	L10P	False	False
Predisposing	7040	TGFB1	T869C	False	False
Predisposing	7097	TLR2	R753Q	True	True
Predisposing	7099	TLR4	D299G	True	True
Predisposing	7099	TLR4	T399I	True	True
Predisposing	7113	TMPRSS2	M160V	False	False
Predisposing	7124	TNF	G238A	False	False
Predisposing	7124	TNF	G308A	False	False
Predisposing	7157	TP53	P72P	False	False
Predisposing	7157	TP53	R249S	False	True
Predisposing	7157	TP53	R72P	False	False
Predisposing	7157	TP53	R72R	False	False
Predisposing	7158	TP53BP1	D353E	True	True
Predisposing	7158	TP53BP1	G412S	True	True
Predisposing	7158	TP53BP1	Q1136K	False	False
Predisposing	7161	TP73	G4A	False	False
Predisposing	7161	TP73	R72P	False	False
Predisposing	7253	TSHR	D727E	False	False
Predisposing	729230	CCR2	V64I	True	True
Predisposing	7364	UGT2B7	H268Y	False	False
Predisposing	7366	UGT2B15	D85Y	False	False
Predisposing	7421	VDR	P12A	False	False
Predisposing	7486	WRN	C1367R	True	True
Predisposing	7486	WRN	L1074F	True	True
Predisposing	7507	XPA	G23A	False	False
Predisposing	7508	XPC	A499V	True	True
Predisposing	7508	XPC	A939C	False	False
Predisposing	7508	XPC	K939K	False	False
Predisposing	7508	XPC	K939Q	False	False
Predisposing	7508	XPC	Q939Q	False	False
Predisposing	7508	XPC	R492H	True	True
Predisposing	7515	XRCC1	D1558H	False	False
Predisposing	7515	XRCC1	M241M	False	False
Predisposing	7515	XRCC1	Q399Q	False	False
Predisposing	7515	XRCC1	R194W	True	True
Predisposing	7515	XRCC1	R280H	True	True
Predisposing	7515	XRCC1	R399E	False	False
Predisposing	7515	XRCC1	R399Q	False	False
Predisposing	7516	XRCC2	G4234C	False	False
Predisposing	7516	XRCC2	R188H	True	False
Predisposing	7517	XRCC3	D1558H	False	False
Predisposing	7517	XRCC3	G135C	False	False
Predisposing	7517	XRCC3	M241M	False	False
Predisposing	7517	XRCC3	T241M	True	True
Predisposing	7518	XRCC4	A247S	True	False
Predisposing	7520	XRCC5	G74582A	False	False
Predisposing	80781	COL18A1	D104N	False	False
Predisposing	8379	MAD1L1	R558H	True	True
Predisposing	841	CASP8	D302H	True	True
Predisposing	841	CASP8	V410I	False	False
Predisposing	843	CASP10	V410I	True	False
Predisposing	857	CAV1	G14713A	False	False
Predisposing	857	CAV1	T29107A	False	False
Predisposing	8660	IRS2	G1057D	True	True
Predisposing	8660	IRS2	G972R	False	False
Predisposing	8661	EIF3A	R803K	False	True
Predisposing	8850	KAT2B	N386S	True	True
Predisposing	8930	MBD4	E346K	True	True
Predisposing	9055	PRC1	T2D	False	False
Predisposing	9156	EXO1	E589K	True	True
Predisposing	9156	EXO1	K589E	False	False
Predisposing	9156	EXO1	L757P	False	False
Predisposing	9429	ABCG2	C421A	False	False
Predisposing	9446	GSTO1	A140D	True	True
Predisposing	9475	ROCK2	T431N	True	True
Predisposing	948	CD36	A52C	False	False
Predisposing	9518	GDF15	H6D	False	False
Predisposing	990	CDC6	G1321A	False	False
Prognostic	1029	CDKN2A	N2A	False	False
Prognostic	10599	SLCO1B1	T521C	False	False
Prognostic	112744	IL17F	T7488C	False	False
Prognostic	114548	NLRP3	R258W	False	False
Prognostic	125	ADH1B	R48H	False	False
Prognostic	1312	COMT	V158M	True	True
Prognostic	1385	CREB1	S133A	False	False
Prognostic	142	PARP1	K940R	False	False
Prognostic	142	PARP1	V762A	True	True
Prognostic	1543	CYP1A1	I462V	True	True
Prognostic	1545	CYP1B1	L432V	False	False
Prognostic	1545	CYP1B1	N453S	True	True
Prognostic	185	AGTR1	A1166C	False	False
Prognostic	1871	E2F3	E2F	False	False
Prognostic	1956	EGFR	D994D	True	True
Prognostic	1956	EGFR	G719C	False	True
Prognostic	1956	EGFR	G724S	False	True
Prognostic	1956	EGFR	L858R	False	True
Prognostic	1956	EGFR	L861Q	False	True
Prognostic	1956	EGFR	Q787Q	True	True
Prognostic	1956	EGFR	T790M	False	True
Prognostic	1956	EGFR	Y891D	False	False
Prognostic	196	AHR	R554K	True	True
Prognostic	2052	EPHX1	H139R	True	True
Prognostic	2064	ERBB2	A270S	False	False
Prognostic	2064	ERBB2	P1170A	True	True
Prognostic	2067	ERCC1	C118T	False	False
Prognostic	2067	ERCC1	C8092A	False	False
Prognostic	2067	ERCC1	N118N	True	False
Prognostic	2068	ERCC2	D312N	True	False
Prognostic	2068	ERCC2	K751Q	True	False
Prognostic	2068	ERCC2	N312D	False	False
Prognostic	2073	ERCC5	D1104H	True	True
Prognostic	2073	ERCC5	H46H	True	True
Prognostic	2261	FGFR3	Y375C	False	False
Prognostic	2264	FGFR4	G388R	True	False
Prognostic	2322	FLT3	K663Q	False	True
Prognostic	238	ALK	F1174L	False	True
Prognostic	25	ABL1	T315I	False	True
Prognostic	26191	PTPN22	R620W	False	False
Prognostic	2629	GBA	N370S	False	False
Prognostic	2778	GNAS	T393C	False	False
Prognostic	2891	GRIA2	Q607R	False	False
Prognostic	2950	GSTP1	I105V	True	True
Prognostic	2956	MSH6	G268A	False	False
Prognostic	3015	H2AFZ	H2A	False	False
Prognostic	3020	H3F3A	G34W	False	False
Prognostic	3077	HFE	C282Y	True	False
Prognostic	3077	HFE	H63D	True	True
Prognostic	3417	IDH1	R132C	False	True
Prognostic	3417	IDH1	R132H	False	True
Prognostic	3418	IDH2	R140Q	False	True
Prognostic	3419	IDH3A	R132H	False	False
Prognostic	356	FASLG	T844C	False	False
Prognostic	3575	IL7R	T244I	True	True
Prognostic	3586	IL10	T3575A	False	False
Prognostic	3667	IRS1	G972R	False	False
Prognostic	3717	JAK2	V617F	False	True
Prognostic	3791	KDR	Q472H	True	True
Prognostic	3815	KIT	D816H	False	True
Prognostic	4015	LOX	G473A	False	False
Prognostic	4033	LRMP	V141L	False	False
Prognostic	4089	SMAD4	C324Y	False	True
Prognostic	4193	MDM2	R72P	False	False
Prognostic	4233	MET	N375S	True	True
Prognostic	4255	MGMT	F84L	False	False
Prognostic	4255	MGMT	L84F	True	True
Prognostic	4292	MLH1	V384D	False	True
Prognostic	4318	MMP9	R279Q	False	False
Prognostic	4318	MMP9	R668G	False	False
Prognostic	4335	MNT	T58A	False	False
Prognostic	4524	MTHFR	A1298C	False	False
Prognostic	4524	MTHFR	A222V	True	True
Prognostic	4524	MTHFR	E429A	True	True
Prognostic	4609	MYC	T58A	False	True
Prognostic	4613	MYCN	P44L	False	True
Prognostic	4615	MYD88	L265P	False	True
Prognostic	4683	NBN	I171V	False	False
Prognostic	472	ATM	D1853N	True	True
Prognostic	4842	NOS1	T58A	False	False
Prognostic	4842	NOS1	V16A	False	False
Prognostic	4862	NPAS2	A394T	False	False
Prognostic	4893	NRAS	G12D	False	True
Prognostic	4893	NRAS	Q61R	False	True
Prognostic	4948	OCA2	R305W	True	True
Prognostic	5079	PAX5	P80R	False	True
Prognostic	5154	PDGFA	R132H	False	False
Prognostic	5156	PDGFRA	D842V	False	True
Prognostic	5243	ABCB1	C3435T	False	False
Prognostic	5290	PIK3CA	H1047R	False	True
Prognostic	54790	TET2	G12D	False	False
Prognostic	54919	DNAAF5	V632A	True	False
Prognostic	55054	ATG16L1	T300A	True	True
Prognostic	55315	SLC29A3	S158F	True	True
Prognostic	5609	MAP2K7	E116K	False	False
Prognostic	5744	PTHLH	E1A	False	False
Prognostic	580	BARD1	C557S	True	False
Prognostic	5879	RAC1	P29S	False	True
Prognostic	5888	RAD51	G135C	False	False
Prognostic	595	CCND1	G870A	False	False
Prognostic	5965	RECQL	A159C	False	False
Prognostic	5979	RET	S836S	True	False
Prognostic	6041	RNASEL	D541E	True	True
Prognostic	6041	RNASEL	R462Q	True	True
Prognostic	60528	ELAC2	S217L	True	True
Prognostic	613	BCR	T315I	False	False
Prognostic	64109	CRLF2	F232C	False	True
Prognostic	64127	NOD2	R702W	True	False
Prognostic	6462	SHBG	D327N	False	False
Prognostic	6596	HLTF	I21R	False	False
Prognostic	6648	SOD2	V16A	True	True
Prognostic	6649	SOD3	T58A	False	False
Prognostic	6716	SRD5A2	V89L	False	False
Prognostic	672	BRCA1	E1183R	False	False
Prognostic	672	BRCA1	K1183R	True	True
Prognostic	673	BRAF	G12D	False	False
Prognostic	673	BRAF	H1047R	False	False
Prognostic	673	BRAF	T1799A	False	False
Prognostic	673	BRAF	V600E	False	True
Prognostic	673	BRAF	V600K	False	True
Prognostic	6755	SSTR5	P335L	True	True
Prognostic	6777	STAT5B	N642H	False	True
Prognostic	6790	AURKA	T91A	False	False
Prognostic	6794	STK11	F354L	False	True
Prognostic	6817	SULT1A1	R213H	True	True
Prognostic	7015	TERT	G250A	False	False
Prognostic	7040	TGFB1	L10P	False	False
Prognostic	7040	TGFB1	T869C	False	False
Prognostic	7099	TLR4	D299G	True	True
Prognostic	7099	TLR4	T399I	True	True
Prognostic	7100	TLR5	N592S	True	True
Prognostic	7124	TNF	G308A	False	False
Prognostic	7157	TP53	K351N	False	True
Prognostic	7157	TP53	R248Q	False	True
Prognostic	7157	TP53	R249S	False	True
Prognostic	7157	TP53	R72P	False	False
Prognostic	7157	TP53	V157F	False	True
Prognostic	7158	TP53BP1	D353E	True	True
Prognostic	7307	U2AF1	S34F	False	True
Prognostic	731	C8A	C8A	False	False
Prognostic	7366	UGT2B15	D85Y	False	False
Prognostic	7486	WRN	C1367R	True	True
Prognostic	7508	XPC	K939Q	False	False
Prognostic	7515	XRCC1	R194W	True	True
Prognostic	7515	XRCC1	R399Q	False	False
Prognostic	7517	XRCC3	T241M	True	True
Prognostic	79574	EPS8L3	P356S	True	False
Prognostic	841	CASP8	D302H	True	True
Prognostic	843	CASP10	V410I	True	False
Prognostic	8661	EIF3A	R803K	False	True
Prognostic	874	CBR3	V244M	True	True
Prognostic	9429	ABCG2	C421A	False	False
Prognostic	9429	ABCG2	G34A	False	False
Prognostic	9518	GDF15	H6D	False	False
Prognostic	978	CDA	A79C	False	False
Prognostic	N/A	miR-148a	R132H	False	False
